{
"lengthUnit": "mil",
"components": {
	"fields": ["COMPONENT_NO", "COMPONENT_NAME", "LAYER", "X_COORDINATE", "Y_COORDINATE", "ANGLE"],
	"rows": [
		[1, "2N2222A", "T", 466.23, -180.83, 0],
		[2, "5V", "T", 25, -165, 0],
		[3, "Connected_to_PowerSupply", "T", 335, -755, 90],
		[4, "DI", "T", 645, -165, 0],
		[5, "GND", "T", 165, -165, 0],
		[6, "IR_LED", "B", 405, -430, 180],
		[7, "IsConducting", "T", 501.7, -757.71, 90],
		[8, "PowerOn", "T", 145, -665, 90],
		[9, "R1k", "T", 700, -385, 0],
		[10, "R100", "T", 700, -595, 0],
		[11, "R100k", "T", 698.58, -285.78, 0],
		[12, "R230", "T", 700, -490, 0]
	]
},
"pins": {
	"fields": ["PIN_NO", "PIN_NAME", "PIN_X", "PIN_Y", "LAYER", "PIN_TYPE", "NET_NAME", "NET_TYPE", "PAD_SHAPE", "PAD_SIZEX", "PAD_SIZEY", "HOLE_SIZE", "PAD_ANGLE"],
	"rows": [
		[1, "2N2222A_1", 416.23, -180.83, "T", "DIP", "GND", "GND", "R", 35.43, 62.99, 27.56, 0],
		[2, "2N2222A_1", 416.23, -180.83, "B", "DIP", "GND", "GND", "R", 35.43, 62.99, 27.56, 0],
		[3, "2N2222A_2", 466.23, -180.83, "T", "DIP", "$1N303", "", "O", 35.43, 62.99, 27.56, 0],
		[4, "2N2222A_2", 466.23, -180.83, "B", "DIP", "$1N303", "", "O", 35.43, 62.99, 27.56, 0],
		[5, "2N2222A_3", 516.23, -180.83, "T", "DIP", "$1N1833", "", "O", 35.43, 62.99, 27.56, 0],
		[6, "2N2222A_3", 516.23, -180.83, "B", "DIP", "$1N1833", "", "O", 35.43, 62.99, 27.56, 0],
		[7, "5V_1", 75, -115, "T", "DIP", "VCC", "", "C", 60, 60, 36, 0],
		[8, "5V_1", 75, -115, "B", "DIP", "VCC", "", "C", 60, 60, 36, 0],
		[9, "Connected_to_PowerSupply_1", 335, -798.3, "T", "SMD", "GND", "GND", "R", 39.4, 49.2, 0, 270],
		[10, "Connected_to_PowerSupply_2", 335, -711.7, "T", "SMD", "$1N1355", "", "R", 39.4, 49.2, 0, 270],
		[11, "DI_1", 695, -115, "T", "DIP", "+5V", "", "C", 60, 60, 36, 0],
		[12, "DI_1", 695, -115, "B", "DIP", "+5V", "", "C", 60, 60, 36, 0],
		[13, "GND_1", 215, -115, "T", "DIP", "GND", "GND", "C", 60, 60, 36, 0],
		[14, "GND_1", 215, -115, "B", "DIP", "GND", "GND", "C", 60, 60, 36, 0],
		[15, "IR_LED_1", 455, -430, "T", "DIP", "$1N1885", "", "C", 60, 60, 36, 180],
		[16, "IR_LED_1", 455, -430, "B", "DIP", "$1N1885", "", "C", 60, 60, 36, 180],
		[17, "IR_LED_2", 355, -430, "T", "DIP", "$1N1950", "", "C", 60, 60, 36, 180],
		[18, "IR_LED_2", 355, -430, "B", "DIP", "$1N1950", "", "C", 60, 60, 36, 180],
		[19, "IsConducting_1", 501.7, -801.01, "T", "SMD", "$1N1833", "", "R", 39.4, 49.2, 0, 270],
		[20, "IsConducting_2", 501.7, -714.41, "T", "SMD", "$1N1950", "", "R", 39.4, 49.2, 0, 270],
		[21, "PowerOn_1", 145, -814.6, "T", "SMD", "$1N1883", "", "R", 59.05, 55.12, 0, 180],
		[22, "PowerOn_2", 145, -515.4, "T", "SMD", "$1N1885", "", "R", 59.05, 55.12, 0, 180],
		[23, "R1k_1", 682.96, -385, "T", "SMD", "+5V", "", "R", 22.27, 21.26, 0, 0],
		[24, "R1k_2", 717.04, -385, "T", "SMD", "$1N303", "", "R", 22.27, 21.26, 0, 0],
		[25, "R100_1", 682.96, -595, "T", "SMD", "VCC", "", "R", 22.27, 21.26, 0, 0],
		[26, "R100_2", 717.04, -595, "T", "SMD", "$1N1883", "", "R", 22.27, 21.26, 0, 0],
		[27, "R100k_1", 681.54, -285.78, "T", "SMD", "+5V", "", "R", 22.27, 21.26, 0, 0],
		[28, "R100k_2", 715.62, -285.78, "T", "SMD", "GND", "GND", "R", 22.27, 21.26, 0, 0],
		[29, "R230_1", 682.96, -490, "T", "SMD", "$1N1355", "", "R", 22.27, 21.26, 0, 0],
		[30, "R230_2", 717.04, -490, "T", "SMD", "VCC", "", "R", 22.27, 21.26, 0, 0]
	]
}
}